model,accuracy,f1,roc_auc,average_precision
catboost,0.8743455497382199,0.7818181818181819,0.9517102615694164,0.8694924935156493
